Buick USA Mobile - Model Overview Enclave - GSMC,SYNTHETIC_TEST-739B0401CBA8A83A,Home,SYNTHETIC_TEST_STEP-76274E4B2A095DEF,Load
Buick USA Mobile - Model Overview Enclave - GSMC,SYNTHETIC_TEST-739B0401CBA8A83A,Overview,SYNTHETIC_TEST_STEP-A6704F0B79E0B1A3,Load
Buick USA Mobile - Model Overview Enclave Avenir - GSMC,SYNTHETIC_TEST-5ECCA0CDD8C8984B,Home,SYNTHETIC_TEST_STEP-3E6892913D15D51B,Load
Buick USA Mobile - Model Overview Enclave Avenir - GSMC,SYNTHETIC_TEST-5ECCA0CDD8C8984B,Overview,SYNTHETIC_TEST_STEP-2C5C2C6EF32AA9D8,Load
Buick USA Mobile - Model Overview Encore - GSMC,SYNTHETIC_TEST-1BA5E82C60C64C2C,Home,SYNTHETIC_TEST_STEP-917E783693BBEB03,Load
Buick USA Mobile - Model Overview Encore - GSMC,SYNTHETIC_TEST-1BA5E82C60C64C2C,Overview,SYNTHETIC_TEST_STEP-6B429D8B058B5F0B,Load
Buick USA Mobile - Model Overview Encore GX - GSMC,SYNTHETIC_TEST-7E51F91EED707B44,Home,SYNTHETIC_TEST_STEP-F1EDE220D53D4EF9,Load
Buick USA Mobile - Model Overview Encore GX - GSMC,SYNTHETIC_TEST-7E51F91EED707B44,Overview,SYNTHETIC_TEST_STEP-946B7D918A24FF70,Load
Buick USA Mobile - Model Overview Envision - GSMC,SYNTHETIC_TEST-58C15827C9978E46,Home,SYNTHETIC_TEST_STEP-DD01BC3A999DE267,Load
Buick USA Mobile - Model Overview Envision - GSMC,SYNTHETIC_TEST-58C15827C9978E46,Overview,SYNTHETIC_TEST_STEP-F7AF1E27FBDEF61A,Load
