Buick USA - Model Overview Enclave - GSMC,SYNTHETIC_TEST-2058D37D3EED69F9,Home,SYNTHETIC_TEST_STEP-012E7A1D1332DBD0,Load
Buick USA - Model Overview Enclave - GSMC,SYNTHETIC_TEST-2058D37D3EED69F9,Overview,SYNTHETIC_TEST_STEP-377B184A7F0EADC0,Load
Buick USA - Model Overview Enclave Avenir - GSMC,SYNTHETIC_TEST-72774D93B336A651,Home,SYNTHETIC_TEST_STEP-9E878042D250E42D,Load
Buick USA - Model Overview Enclave Avenir - GSMC,SYNTHETIC_TEST-72774D93B336A651,Overview,SYNTHETIC_TEST_STEP-7D632B3A0BE9F1EF,Load
Buick USA - Model Overview Encore - GSMC,SYNTHETIC_TEST-4EC7ABEC872C35E3,Home,SYNTHETIC_TEST_STEP-2AC19BC22A8B448B,Load
Buick USA - Model Overview Encore - GSMC,SYNTHETIC_TEST-4EC7ABEC872C35E3,Overview,SYNTHETIC_TEST_STEP-FDFD4E560BAE7D9B,Load
Buick USA - Model Overview Encore GX - GSMC,SYNTHETIC_TEST-384986DA571F48FB,Home,SYNTHETIC_TEST_STEP-DF688D755B8BC2C3,Load
Buick USA - Model Overview Encore GX - GSMC,SYNTHETIC_TEST-384986DA571F48FB,Overview,SYNTHETIC_TEST_STEP-09F5C9F0286C5A24,Load
Buick USA - Model Overview Envision - GSMC,SYNTHETIC_TEST-3DCB6A0AB1FBA286,Home,SYNTHETIC_TEST_STEP-254AEF5514C73186,Load
Buick USA - Model Overview Envision - GSMC,SYNTHETIC_TEST-3DCB6A0AB1FBA286,Overview,SYNTHETIC_TEST_STEP-264DA2C706ECC617,Load
