Cadillac USA - Model Overview CT4 - GSMC,SYNTHETIC_TEST-7D4DA7D73EBF901A,Home,SYNTHETIC_TEST_STEP-2FDC8CA5D7537760,Load
Cadillac USA - Model Overview CT4 - GSMC,SYNTHETIC_TEST-7D4DA7D73EBF901A,Overview,SYNTHETIC_TEST_STEP-F3B09100DF7D854A,Load
Cadillac USA - Model Overview CT4-V Blackwing - GSMC,SYNTHETIC_TEST-3DF3744E08023345,Home,SYNTHETIC_TEST_STEP-0AAF399CB12D381C,Load
Cadillac USA - Model Overview CT4-V Blackwing - GSMC,SYNTHETIC_TEST-3DF3744E08023345,Overview,SYNTHETIC_TEST_STEP-16DA96A77CB0BFBD,Load
Cadillac USA - Model Overview CT5 - GSMC,SYNTHETIC_TEST-2BD3E6947777A395,Home,SYNTHETIC_TEST_STEP-F1B32068F8940D91,Load
Cadillac USA - Model Overview CT5 - GSMC,SYNTHETIC_TEST-2BD3E6947777A395,Overview,SYNTHETIC_TEST_STEP-113A4B8393644585,Load
Cadillac USA - Model Overview CT5-V Blackwing - GSMC,SYNTHETIC_TEST-2FD84E5220E91741,Home,SYNTHETIC_TEST_STEP-31A0883BFAF92001,Load
Cadillac USA - Model Overview CT5-V Blackwing - GSMC,SYNTHETIC_TEST-2FD84E5220E91741,Overview,SYNTHETIC_TEST_STEP-3B0F7B2710C8AED6,Load
Cadillac USA - Model Overview Escalade - GSMC,SYNTHETIC_TEST-6AC18CF94E3340AA,Home,SYNTHETIC_TEST_STEP-20D9691CC40E9840,Load
Cadillac USA - Model Overview Escalade - GSMC,SYNTHETIC_TEST-6AC18CF94E3340AA,Overview,SYNTHETIC_TEST_STEP-95D2FBFBBF8E3148,Load
Cadillac USA - Model Overview Lyriq - GSMC,SYNTHETIC_TEST-196C1A1AC801EF17,Home,SYNTHETIC_TEST_STEP-724826BA51F2E4AC,Load
Cadillac USA - Model Overview Lyriq - GSMC,SYNTHETIC_TEST-196C1A1AC801EF17,Overview,SYNTHETIC_TEST_STEP-7CFBD9DBD8058047,Load
Cadillac USA - Model Overview XT4 - GSMC,SYNTHETIC_TEST-329C2C2E019902C4,Home,SYNTHETIC_TEST_STEP-4D1F6A463B21B300,Load
Cadillac USA - Model Overview XT4 - GSMC,SYNTHETIC_TEST-329C2C2E019902C4,Overview,SYNTHETIC_TEST_STEP-93AC27DB70CE9B93,Load
Cadillac USA - Model Overview XT5 - GSMC,SYNTHETIC_TEST-2CCE691EA58CD07C,Home,SYNTHETIC_TEST_STEP-648619DBC8C2AFC0,Load
Cadillac USA - Model Overview XT5 - GSMC,SYNTHETIC_TEST-2CCE691EA58CD07C,Overview,SYNTHETIC_TEST_STEP-CE4A680BCCC3382E,Load
Cadillac USA - Model Overview XT6 - GSMC,SYNTHETIC_TEST-225D1259A0D94022,Home,SYNTHETIC_TEST_STEP-6CC2896E71792C6C,Load
Cadillac USA - Model Overview XT6 - GSMC,SYNTHETIC_TEST-225D1259A0D94022,Overview,SYNTHETIC_TEST_STEP-FCE1C8B0FBFB3FBF,Load
