Chevrolet USA - Model Overview Performance - GSMC,SYNTHETIC_TEST-72EBACB93D9110C4,COPA Camaro,SYNTHETIC_TEST_STEP-96341D392DA1D29B,Load
Chevrolet USA - Model Overview Performance - GSMC,SYNTHETIC_TEST-72EBACB93D9110C4,Engines,SYNTHETIC_TEST_STEP-A20A6DF892AACCBF,Load
Chevrolet USA - Model Overview Performance - GSMC,SYNTHETIC_TEST-72EBACB93D9110C4,Engines: 350_290HP,SYNTHETIC_TEST_STEP-6BB840D518FCC615,Load
Chevrolet USA - Model Overview Performance - GSMC,SYNTHETIC_TEST-72EBACB93D9110C4,Performance Home,SYNTHETIC_TEST_STEP-53642AC4395B4B41,Load
Chevrolet USA - Model Overview Silverado 1500 - INDX - GSMC,SYNTHETIC_TEST-2D92547F3796B163,Home,SYNTHETIC_TEST_STEP-A91D4935F44ACDA9,Load
Chevrolet USA - Model Overview Silverado 1500 - INDX - GSMC,SYNTHETIC_TEST-2D92547F3796B163,Overview,SYNTHETIC_TEST_STEP-8CEBFEDF2645CFA4,Load
Chevrolet USA - Model Overview Silverado HD - GSMC,SYNTHETIC_TEST-14BB95429AD3FC7D,Home,SYNTHETIC_TEST_STEP-98B85909E8ABBCF7,Load
Chevrolet USA - Model Overview Silverado HD - GSMC,SYNTHETIC_TEST-14BB95429AD3FC7D,Overview,SYNTHETIC_TEST_STEP-E8C86D7F1CD11482,Load
Chevrolet USA - Model Overview Silverado Special Editions - GSMC,SYNTHETIC_TEST-2B58622B792F5ECA,Home,SYNTHETIC_TEST_STEP-9770D2E613EE95C6,Load
Chevrolet USA - Model Overview Silverado Special Editions - GSMC,SYNTHETIC_TEST-2B58622B792F5ECA,Overview,SYNTHETIC_TEST_STEP-C196EC63BE8E2FAB,Load
Chevrolet USA - Model Overview Spark - GSMC,SYNTHETIC_TEST-27C42E6A80791811,Home,SYNTHETIC_TEST_STEP-0153ECEDA5D89CDD,Load
Chevrolet USA - Model Overview Spark - GSMC,SYNTHETIC_TEST-27C42E6A80791811,Overview,SYNTHETIC_TEST_STEP-5D599322AD2D4437,Load
Chevrolet USA - Model Overview Suburban - GSMC,SYNTHETIC_TEST-31576F3FFD0DF3CC,Home,SYNTHETIC_TEST_STEP-CDA461685ED60579,Load
Chevrolet USA - Model Overview Suburban - GSMC,SYNTHETIC_TEST-31576F3FFD0DF3CC,Overview,SYNTHETIC_TEST_STEP-886A847CDFE9E3C4,Load
Chevrolet USA - Model Overview Tahoe - GSMC,SYNTHETIC_TEST-1640BAA307D5F666,Home,SYNTHETIC_TEST_STEP-FAC58DE60C5864B1,Load
Chevrolet USA - Model Overview Tahoe - GSMC,SYNTHETIC_TEST-1640BAA307D5F666,Overview,SYNTHETIC_TEST_STEP-7DD2B995C6FB1B3E,Load
Chevrolet USA - Model Overview Trailblazer - GSMC,SYNTHETIC_TEST-021108FBE3F4E34C,Home,SYNTHETIC_TEST_STEP-13FE76BB594A26FE,Load
Chevrolet USA - Model Overview Trailblazer - GSMC,SYNTHETIC_TEST-021108FBE3F4E34C,Overview,SYNTHETIC_TEST_STEP-3DE97DEE3345CD69,Load
Chevrolet USA - Model Overview Traverse - GSMC,SYNTHETIC_TEST-7D491DD187377D40,Home,SYNTHETIC_TEST_STEP-8CC7556252678368,Load
Chevrolet USA - Model Overview Traverse - GSMC,SYNTHETIC_TEST-7D491DD187377D40,Overview,SYNTHETIC_TEST_STEP-66D9211059DBB0F6,Load
Chevrolet USA - Model Overview Trax - GSMC,SYNTHETIC_TEST-2C4F8D4DFEC819FD,Home,SYNTHETIC_TEST_STEP-05F7237D105909DC,Load
Chevrolet USA - Model Overview Trax - GSMC,SYNTHETIC_TEST-2C4F8D4DFEC819FD,Overview,SYNTHETIC_TEST_STEP-AAA233EFCA9648BB,Load
