Chevrolet USA Mobile - Model Overview Blazer - GSMC,SYNTHETIC_TEST-301482CD30162033,Home,SYNTHETIC_TEST_STEP-DCA5D0CCC535EAAA,Load
Chevrolet USA Mobile - Model Overview Blazer - GSMC,SYNTHETIC_TEST-301482CD30162033,Overview,SYNTHETIC_TEST_STEP-883AE9ED8AFC6CCC,Load
Chevrolet USA Mobile - Model Overview Bolt EUV - GSMC,SYNTHETIC_TEST-0BE0FF967FE72B4A,Home,SYNTHETIC_TEST_STEP-1BDEF7F80B7A9944,Load
Chevrolet USA Mobile - Model Overview Bolt EUV - GSMC,SYNTHETIC_TEST-0BE0FF967FE72B4A,Overview,SYNTHETIC_TEST_STEP-DE05A70917CBA416,Load
Chevrolet USA Mobile - Model Overview Bolt EV - GSMC,SYNTHETIC_TEST-5A05B54266B71DF6,Home,SYNTHETIC_TEST_STEP-9871FBA245627057,Load
Chevrolet USA Mobile - Model Overview Bolt EV - GSMC,SYNTHETIC_TEST-5A05B54266B71DF6,Overview,SYNTHETIC_TEST_STEP-97B6FCE255A330E4,Load
Chevrolet USA Mobile - Model Overview Camaro - GSMC,SYNTHETIC_TEST-7D36FB82A0CED1B0,Home,SYNTHETIC_TEST_STEP-04A8E9957EB57D8D,Load
Chevrolet USA Mobile - Model Overview Camaro - GSMC,SYNTHETIC_TEST-7D36FB82A0CED1B0,Overview,SYNTHETIC_TEST_STEP-191FA184EBBBBEB1,Load
Chevrolet USA Mobile - Model Overview Colorado - GSMC,SYNTHETIC_TEST-056A599A5CE2EAE3,Home,SYNTHETIC_TEST_STEP-2DE0ADB22970C2D9,Load
Chevrolet USA Mobile - Model Overview Colorado - GSMC,SYNTHETIC_TEST-056A599A5CE2EAE3,Overview,SYNTHETIC_TEST_STEP-934126E8F3E6662B,Load
Chevrolet USA Mobile - Model Overview Corvette - GSMC,SYNTHETIC_TEST-2BC74C52F85CA123,Home,SYNTHETIC_TEST_STEP-0768A3F5E72D9D80,Load
Chevrolet USA Mobile - Model Overview Corvette - GSMC,SYNTHETIC_TEST-2BC74C52F85CA123,Overview,SYNTHETIC_TEST_STEP-5F51E276D0DEABBB,Load
Chevrolet USA Mobile - Model Overview Equinox - GSMC,SYNTHETIC_TEST-64E8884669D9E908,Home,SYNTHETIC_TEST_STEP-637D08FEF231ACC5,Load
Chevrolet USA Mobile - Model Overview Equinox - GSMC,SYNTHETIC_TEST-64E8884669D9E908,Overview,SYNTHETIC_TEST_STEP-4F0A85A0A2863DC9,Load
Chevrolet USA Mobile - Model Overview Express Cargo - GSMC,SYNTHETIC_TEST-5D4640DD7939F728,Home,SYNTHETIC_TEST_STEP-54EB8431F9841FD1,Load
Chevrolet USA Mobile - Model Overview Express Cargo - GSMC,SYNTHETIC_TEST-5D4640DD7939F728,Overview,SYNTHETIC_TEST_STEP-EB0D2A8F30CC317A,Load
Chevrolet USA Mobile - Model Overview Express Passenger - GSMC,SYNTHETIC_TEST-50E565EB7A6C4BD1,Home,SYNTHETIC_TEST_STEP-A41056878F7BE96B,Load
Chevrolet USA Mobile - Model Overview Express Passenger - GSMC,SYNTHETIC_TEST-50E565EB7A6C4BD1,Overview,SYNTHETIC_TEST_STEP-1F4F3F0FC3A9D9EF,Load
Chevrolet USA Mobile - Model Overview Malibu - GSMC,SYNTHETIC_TEST-2AE4F85224AC1D6D,Home,SYNTHETIC_TEST_STEP-6BE955644D0559F6,Load
Chevrolet USA Mobile - Model Overview Malibu - GSMC,SYNTHETIC_TEST-2AE4F85224AC1D6D,Overview,SYNTHETIC_TEST_STEP-3A1C3CA1032BD194,Load
