GMC USA - Model Overview Sierra 1500 - GSMC,SYNTHETIC_TEST-205D3FC619EFD6E2,Home,SYNTHETIC_TEST_STEP-C8BC974C8910B55A,Load
GMC USA - Model Overview Sierra 1500 - GSMC,SYNTHETIC_TEST-205D3FC619EFD6E2,Overview,SYNTHETIC_TEST_STEP-586495F12B5B7FAC,Load
GMC USA - Model Overview Sierra 1500 Denali - GSMC,SYNTHETIC_TEST-6665EB230C8B7E8C,Home,SYNTHETIC_TEST_STEP-0A34A7158BCB4BBF,Load
GMC USA - Model Overview Sierra 1500 Denali - GSMC,SYNTHETIC_TEST-6665EB230C8B7E8C,Overview,SYNTHETIC_TEST_STEP-FCA7D6DBBA3F5F4B,Load
GMC USA - Model Overview Sierra HD - GSMC,SYNTHETIC_TEST-6C4C05D63DD08748,Home,SYNTHETIC_TEST_STEP-D55DAA7864256D3D,Load
GMC USA - Model Overview Sierra HD - GSMC,SYNTHETIC_TEST-6C4C05D63DD08748,Overview,SYNTHETIC_TEST_STEP-EF40D2B60C2C5666,Load
GMC USA - Model Overview Terrain - GSMC,SYNTHETIC_TEST-343ECDFD00BFDC31,Home,SYNTHETIC_TEST_STEP-A64A983C46DC45E3,Load
GMC USA - Model Overview Terrain - GSMC,SYNTHETIC_TEST-343ECDFD00BFDC31,Overview,SYNTHETIC_TEST_STEP-19D6590041227935,Load
GMC USA - Model Overview Terrain Denali - GSMC,SYNTHETIC_TEST-7F856096F917BBDE,Home,SYNTHETIC_TEST_STEP-697D55E997799079,Load
GMC USA - Model Overview Terrain Denali - GSMC,SYNTHETIC_TEST-7F856096F917BBDE,Overview,SYNTHETIC_TEST_STEP-21D74405F1352F83,Load
GMC USA - Model Overview Yukon - GSMC,SYNTHETIC_TEST-43DE57220FD72AB8,Home,SYNTHETIC_TEST_STEP-AA97A8958F3FD5E7,Load
GMC USA - Model Overview Yukon - GSMC,SYNTHETIC_TEST-43DE57220FD72AB8,Overview,SYNTHETIC_TEST_STEP-5EB6D9DE278B679B,Load
GMC USA - Model Overview Yukon Denali - GSMC,SYNTHETIC_TEST-2541F15EC8759F37,Home,SYNTHETIC_TEST_STEP-F3DD37945DA1F9FA,Load
GMC USA - Model Overview Yukon Denali - GSMC,SYNTHETIC_TEST-2541F15EC8759F37,Overview,SYNTHETIC_TEST_STEP-DE691119D97C0406,Load
