Cadillac USA Mobile - Model Overview CT4 - GSMC,SYNTHETIC_TEST-72E1A5000ECCCD5C,Home,SYNTHETIC_TEST_STEP-9243C3CB72F3069C,Load
Cadillac USA Mobile - Model Overview CT4 - GSMC,SYNTHETIC_TEST-72E1A5000ECCCD5C,Overview,SYNTHETIC_TEST_STEP-E395BEF7108876CC,Load
Cadillac USA Mobile - Model Overview CT4-V Blackwing - GSMC,SYNTHETIC_TEST-1B3ADD0DED89EB89,Home,SYNTHETIC_TEST_STEP-FD2A44E098CEF3CF,Load
Cadillac USA Mobile - Model Overview CT4-V Blackwing - GSMC,SYNTHETIC_TEST-1B3ADD0DED89EB89,Overview,SYNTHETIC_TEST_STEP-9055D0607CA87484,Load
Cadillac USA Mobile - Model Overview CT5 - GSMC,SYNTHETIC_TEST-72FDF78BA7453118,Home,SYNTHETIC_TEST_STEP-FDBA9AE3BFFD58BD,Load
Cadillac USA Mobile - Model Overview CT5 - GSMC,SYNTHETIC_TEST-72FDF78BA7453118,Overview,SYNTHETIC_TEST_STEP-F5F153446F746B72,Load
Cadillac USA Mobile - Model Overview CT5-V Blackwing - GSMC,SYNTHETIC_TEST-399F6144ADC599C7,Home,SYNTHETIC_TEST_STEP-261F442CDB83CAB9,Load
Cadillac USA Mobile - Model Overview CT5-V Blackwing - GSMC,SYNTHETIC_TEST-399F6144ADC599C7,Overview,SYNTHETIC_TEST_STEP-84485E433E6EC476,Load
Cadillac USA Mobile - Model Overview Escalade - GSMC,SYNTHETIC_TEST-16009B1CC4007329,Home,SYNTHETIC_TEST_STEP-EA6E8718A9A19D1A,Load
Cadillac USA Mobile - Model Overview Escalade - GSMC,SYNTHETIC_TEST-16009B1CC4007329,Overview,SYNTHETIC_TEST_STEP-B1FF080D2F314020,Load
Cadillac USA Mobile - Model Overview Lyriq - GSMC,SYNTHETIC_TEST-3399E879C19B98E2,Home,SYNTHETIC_TEST_STEP-C9F41CC98D6A64A0,Load
Cadillac USA Mobile - Model Overview Lyriq - GSMC,SYNTHETIC_TEST-3399E879C19B98E2,Overview,SYNTHETIC_TEST_STEP-474499EF3E61A015,Load
Cadillac USA Mobile - Model Overview XT4 - GSMC,SYNTHETIC_TEST-1301AA434C1E7830,Home,SYNTHETIC_TEST_STEP-C3CA51D31FF733BE,Load
Cadillac USA Mobile - Model Overview XT4 - GSMC,SYNTHETIC_TEST-1301AA434C1E7830,Overview,SYNTHETIC_TEST_STEP-EDFB8A848159F8E6,Load
Cadillac USA Mobile - Model Overview XT5 - GSMC,SYNTHETIC_TEST-676CAB0E9398B2F4,Home,SYNTHETIC_TEST_STEP-88B2A68C08482984,Load
Cadillac USA Mobile - Model Overview XT5 - GSMC,SYNTHETIC_TEST-676CAB0E9398B2F4,Overview,SYNTHETIC_TEST_STEP-E78DB3A6EE4E00C6,Load
Cadillac USA Mobile - Model Overview XT6 - GSMC,SYNTHETIC_TEST-10D2BD714BFBCB3A,Home,SYNTHETIC_TEST_STEP-1D230BBDC4E7EF7A,Load
Cadillac USA Mobile - Model Overview XT6 - GSMC,SYNTHETIC_TEST-10D2BD714BFBCB3A,Overview,SYNTHETIC_TEST_STEP-7676B68DBB67AA75,Load
