Chevrolet USA Mobile - Model Overview Silverado 1500 - GSMC,SYNTHETIC_TEST-37840AAA840CB2C3,Home,SYNTHETIC_TEST_STEP-E07DCF58C69194AB,Load
Chevrolet USA Mobile - Model Overview Silverado 1500 - GSMC,SYNTHETIC_TEST-37840AAA840CB2C3,Overview,SYNTHETIC_TEST_STEP-999671F7479CF75C,Load
Chevrolet USA Mobile - Model Overview Silverado HD - GSMC,SYNTHETIC_TEST-7E562ADDD162F68B,Home,SYNTHETIC_TEST_STEP-EBD9E784FCF25FD6,Load
Chevrolet USA Mobile - Model Overview Silverado HD - GSMC,SYNTHETIC_TEST-7E562ADDD162F68B,Overview,SYNTHETIC_TEST_STEP-D3360A75A6813EDE,Load
Chevrolet USA Mobile - Model Overview Silverado Special Editions - GSMC,SYNTHETIC_TEST-01C24AE15D4D7E24,Home,SYNTHETIC_TEST_STEP-93649AECDDF834CA,Load
Chevrolet USA Mobile - Model Overview Silverado Special Editions - GSMC,SYNTHETIC_TEST-01C24AE15D4D7E24,Overview,SYNTHETIC_TEST_STEP-7A347E3DA6AA78F1,Load
Chevrolet USA Mobile - Model Overview Spark - GSMC,SYNTHETIC_TEST-77DA14AEA1A5A060,Home,SYNTHETIC_TEST_STEP-8941030BC3141C58,Load
Chevrolet USA Mobile - Model Overview Spark - GSMC,SYNTHETIC_TEST-77DA14AEA1A5A060,Overview,SYNTHETIC_TEST_STEP-A3F540F75D6229CA,Load
Chevrolet USA Mobile - Model Overview Suburban - GSMC,SYNTHETIC_TEST-21759AF53CF5F4B2,Home,SYNTHETIC_TEST_STEP-E657F585AD15070E,Load
Chevrolet USA Mobile - Model Overview Suburban - GSMC,SYNTHETIC_TEST-21759AF53CF5F4B2,Overview,SYNTHETIC_TEST_STEP-BD2A3481FD7274BD,Load
Chevrolet USA Mobile - Model Overview Tahoe - GSMC,SYNTHETIC_TEST-0537234370AF2B82,Home,SYNTHETIC_TEST_STEP-C8FCEF4E53C7DD08,Load
Chevrolet USA Mobile - Model Overview Tahoe - GSMC,SYNTHETIC_TEST-0537234370AF2B82,Overview,SYNTHETIC_TEST_STEP-E2AF5D6A1C572492,Load
Chevrolet USA Mobile - Model Overview Trailblazer - GSMC,SYNTHETIC_TEST-28EBA2BD75AA2704,Home,SYNTHETIC_TEST_STEP-C0828458B537DF7D,Load
Chevrolet USA Mobile - Model Overview Trailblazer - GSMC,SYNTHETIC_TEST-28EBA2BD75AA2704,Overview,SYNTHETIC_TEST_STEP-D831817404FFC961,Load
Chevrolet USA Mobile - Model Overview Traverse - GSMC,SYNTHETIC_TEST-1A5B3B21A256E48B,Home,SYNTHETIC_TEST_STEP-E6FE1504B9DA75EA,Load
Chevrolet USA Mobile - Model Overview Traverse - GSMC,SYNTHETIC_TEST-1A5B3B21A256E48B,Overview,SYNTHETIC_TEST_STEP-406E81F71706E098,Load
Chevrolet USA Mobile - Model Overview Trax - GSMC,SYNTHETIC_TEST-4AF853ECA8EA5898,Home,SYNTHETIC_TEST_STEP-8BB80DFD417B9DF6,Load
Chevrolet USA Mobile - Model Overview Trax - GSMC,SYNTHETIC_TEST-4AF853ECA8EA5898,Overview,SYNTHETIC_TEST_STEP-E388436D0A2E5300,Load
