Chevrolet USA - Model Overview Blazer - GSMC,SYNTHETIC_TEST-41C72C72264CEECA,Home,SYNTHETIC_TEST_STEP-3E5ED180706D4477,Load
Chevrolet USA - Model Overview Blazer - GSMC,SYNTHETIC_TEST-41C72C72264CEECA,Overview,SYNTHETIC_TEST_STEP-DE8F5E8E149C4485,Load
Chevrolet USA - Model Overview Bolt EUV - GSMC,SYNTHETIC_TEST-7F2F18A6698161D6,Home,SYNTHETIC_TEST_STEP-C0D6F2060D22EDE8,Load
Chevrolet USA - Model Overview Bolt EUV - GSMC,SYNTHETIC_TEST-7F2F18A6698161D6,Overview,SYNTHETIC_TEST_STEP-79D21C62BBD3A1D2,Load
Chevrolet USA - Model Overview Bolt EV - GSMC,SYNTHETIC_TEST-556FCC7B51B243CB,Home,SYNTHETIC_TEST_STEP-5958876D966ED44A,Load
Chevrolet USA - Model Overview Bolt EV - GSMC,SYNTHETIC_TEST-556FCC7B51B243CB,Overview,SYNTHETIC_TEST_STEP-4D6D13C11B726330,Load
Chevrolet USA - Model Overview Camaro - GSMC,SYNTHETIC_TEST-3C048DACD116A740,Home,SYNTHETIC_TEST_STEP-340928CB08655D61,Load
Chevrolet USA - Model Overview Camaro - GSMC,SYNTHETIC_TEST-3C048DACD116A740,Overview,SYNTHETIC_TEST_STEP-0F02FA1F3B35BBB6,Load
Chevrolet USA - Model Overview Colorado - GSMC,SYNTHETIC_TEST-5EF3EEBB6CC9D72B,Home,SYNTHETIC_TEST_STEP-12F52DB3F8168560,Load
Chevrolet USA - Model Overview Colorado - GSMC,SYNTHETIC_TEST-5EF3EEBB6CC9D72B,Overview,SYNTHETIC_TEST_STEP-183FED97CDA22DF4,Load
Chevrolet USA - Model Overview Corvette - GSMC,SYNTHETIC_TEST-4685D519D34E0A0E,Home,SYNTHETIC_TEST_STEP-A98685265A5A3CA9,Load
Chevrolet USA - Model Overview Corvette - GSMC,SYNTHETIC_TEST-4685D519D34E0A0E,Overview,SYNTHETIC_TEST_STEP-7AC95B5947092F6B,Load
Chevrolet USA - Model Overview Equinox - GSMC,SYNTHETIC_TEST-2C2A8DAC67593115,Home,SYNTHETIC_TEST_STEP-B7160015162D616E,Load
Chevrolet USA - Model Overview Equinox - GSMC,SYNTHETIC_TEST-2C2A8DAC67593115,Overview,SYNTHETIC_TEST_STEP-BEDDD406A12E0444,Load
Chevrolet USA - Model Overview Express Cargo - GSMC,SYNTHETIC_TEST-0672E08F55601BAB,Home,SYNTHETIC_TEST_STEP-6E96F586BE6DDEB0,Load
Chevrolet USA - Model Overview Express Cargo - GSMC,SYNTHETIC_TEST-0672E08F55601BAB,Overview,SYNTHETIC_TEST_STEP-168D75F93EEDEE69,Load
Chevrolet USA - Model Overview Express Passenger - GSMC,SYNTHETIC_TEST-4C41CAAE20B553CF,Home,SYNTHETIC_TEST_STEP-2CBA59CA802009F3,Load
Chevrolet USA - Model Overview Express Passenger - GSMC,SYNTHETIC_TEST-4C41CAAE20B553CF,Overview,SYNTHETIC_TEST_STEP-F1476EC990776071,Load
Chevrolet USA - Model Overview Malibu - INDX - GSMC,SYNTHETIC_TEST-0C6B6D32D86E402B,Home,SYNTHETIC_TEST_STEP-FB85E69BEE3149C2,Load
Chevrolet USA - Model Overview Malibu - INDX - GSMC,SYNTHETIC_TEST-0C6B6D32D86E402B,Overview,SYNTHETIC_TEST_STEP-4A3E2A3C235089FD,Load
