GMC USA - Model Overview Acadia - GSMC,SYNTHETIC_TEST-73E12301B87F896F,Home,SYNTHETIC_TEST_STEP-0B676D53286CEFAC,Load
GMC USA - Model Overview Acadia - GSMC,SYNTHETIC_TEST-73E12301B87F896F,Overview,SYNTHETIC_TEST_STEP-2E6925AD719E7099,Load
GMC USA - Model Overview Acadia Denali - GSMC,SYNTHETIC_TEST-29FBC3CF2E6AC40B,Home,SYNTHETIC_TEST_STEP-A96E46BCFB7E2745,Load
GMC USA - Model Overview Acadia Denali - GSMC,SYNTHETIC_TEST-29FBC3CF2E6AC40B,Overview,SYNTHETIC_TEST_STEP-AB7C915F22752D53,Load
GMC USA - Model Overview Canyon - GSMC,SYNTHETIC_TEST-2572AE584A1E335F,Home,SYNTHETIC_TEST_STEP-97571CDC0822CFBE,Load
GMC USA - Model Overview Canyon - GSMC,SYNTHETIC_TEST-2572AE584A1E335F,Overview,SYNTHETIC_TEST_STEP-D8B21BE29AFB6CB9,Load
GMC USA - Model Overview Canyon Denali - GSMC,SYNTHETIC_TEST-7FCBBA7EF15C5F5F,Home,SYNTHETIC_TEST_STEP-A942C3A6353E7066,Load
GMC USA - Model Overview Canyon Denali - GSMC,SYNTHETIC_TEST-7FCBBA7EF15C5F5F,Overview,SYNTHETIC_TEST_STEP-2A66918CBC9FA6A8,Load
GMC USA - Model Overview Hummer EV - GSMC,SYNTHETIC_TEST-5A2428193D2A0919,Home,SYNTHETIC_TEST_STEP-5A5472B3B61C0A15,Load
GMC USA - Model Overview Hummer EV - GSMC,SYNTHETIC_TEST-5A2428193D2A0919,Overview,SYNTHETIC_TEST_STEP-B128AB4E20FBA0DF,Load
GMC USA - Model Overview Savana Cargo - GSMC,SYNTHETIC_TEST-13A33CC147775736,Home,SYNTHETIC_TEST_STEP-3FF7CE6F49FFE8E8,Load
GMC USA - Model Overview Savana Cargo - GSMC,SYNTHETIC_TEST-13A33CC147775736,Overview,SYNTHETIC_TEST_STEP-B0D5D1A74846B6BB,Load
GMC USA - Model Overview Savana Passenger - GSMC,SYNTHETIC_TEST-0007FDF2DAF55D8F,Home,SYNTHETIC_TEST_STEP-3061623BCBB349F2,Load
GMC USA - Model Overview Savana Passenger - GSMC,SYNTHETIC_TEST-0007FDF2DAF55D8F,Overview,SYNTHETIC_TEST_STEP-07532491E3B890AA,Load
