GMC USA Mobile - Model Overview Sierra 1500 - GSMC,SYNTHETIC_TEST-2030F0732C966D27,Home,SYNTHETIC_TEST_STEP-5D91200CD5DC07E0,Load
GMC USA Mobile - Model Overview Sierra 1500 - GSMC,SYNTHETIC_TEST-2030F0732C966D27,Overview,SYNTHETIC_TEST_STEP-FAC19FB0B0AA10AD,Load
GMC USA Mobile - Model Overview Sierra 1500 Denali - GSMC,SYNTHETIC_TEST-140B0ABED2F87914,Home,SYNTHETIC_TEST_STEP-F9771A1CFD9766BC,Load
GMC USA Mobile - Model Overview Sierra 1500 Denali - GSMC,SYNTHETIC_TEST-140B0ABED2F87914,Overview,SYNTHETIC_TEST_STEP-C369D53D8A7BE838,Load
GMC USA Mobile - Model Overview Sierra HD - GSMC,SYNTHETIC_TEST-081ABC6628B77493,Home,SYNTHETIC_TEST_STEP-E2AFFCCDEB45F440,Load
GMC USA Mobile - Model Overview Sierra HD - GSMC,SYNTHETIC_TEST-081ABC6628B77493,Overview,SYNTHETIC_TEST_STEP-5A74C29635ABB0A4,Load
GMC USA Mobile - Model Overview Terrain - GSMC,SYNTHETIC_TEST-03BCCB3D50384EE7,Home,SYNTHETIC_TEST_STEP-0E0CB48D5B79B0BB,Load
GMC USA Mobile - Model Overview Terrain - GSMC,SYNTHETIC_TEST-03BCCB3D50384EE7,Overview,SYNTHETIC_TEST_STEP-3EC2CA70FA86E28F,Load
GMC USA Mobile - Model Overview Terrain Denali - GSMC,SYNTHETIC_TEST-44FE84FFF04FB594,Home,SYNTHETIC_TEST_STEP-61AB7A71936A2497,Load
GMC USA Mobile - Model Overview Terrain Denali - GSMC,SYNTHETIC_TEST-44FE84FFF04FB594,Overview,SYNTHETIC_TEST_STEP-10139EBA4DF0035D,Load
GMC USA Mobile - Model Overview Yukon - GSMC,SYNTHETIC_TEST-183A059711FF3BFF,Home,SYNTHETIC_TEST_STEP-1FEE1A6E24E011A4,Load
GMC USA Mobile - Model Overview Yukon - GSMC,SYNTHETIC_TEST-183A059711FF3BFF,Overview,SYNTHETIC_TEST_STEP-0574F2F59E61ABFB,Load
GMC USA Mobile - Model Overview Yukon Denali - GSMC,SYNTHETIC_TEST-5EB65F7CBC9E98C8,Home,SYNTHETIC_TEST_STEP-13A52D48AABAE254,Load
GMC USA Mobile - Model Overview Yukon Denali - GSMC,SYNTHETIC_TEST-5EB65F7CBC9E98C8,Overview,SYNTHETIC_TEST_STEP-5A4BCB5F6F609635,Load
